program_id,ward,program_type,date,participants,outcome
fc79c9c6-8718-4d79-9507-425c73d9ed41,Diva,Citizen Awareness,2026-04-11,802,Successful
7fbbd969-eaa4-4b6c-8d24-a720d92625d4,Mumbra,Mock Drill,2026-03-27,117,Successful
92d8e2d0-403b-49bb-8b2d-ac15157f27ec,Majiwada-Manpada,Mock Drill,2018-11-08,595,Excellent
b4ebd497-5c2c-432e-8f65-fa001e09c7d0,Mumbra,School Safety,2025-04-01,315,Excellent
ae170c4b-339e-4c25-8b74-77dea746d605,Naupada-Kopri,School Safety,2018-09-12,309,Excellent
ff39ab8f-37af-481d-a585-2cbd01db8705,Uthalsar,Citizen Awareness,2020-10-20,180,Successful
36a262e5-b103-4551-ae56-c087e928a94d,Vartak Nagar,Citizen Awareness,2022-09-06,276,Successful
b3f03d9e-5dc5-4fa3-a902-1be66f6f5566,Vartak Nagar,School Safety,2019-11-08,847,Excellent
bab00c1f-f6d1-4d6b-ab27-249dc384ef04,Majiwada-Manpada,Mock Drill,2025-07-13,950,Needs Improvement
cf2abad6-4fc9-4830-a0da-c37338132c51,Lokmanya-Savarkar Nagar,School Safety,2023-08-25,542,Successful
876ff392-1b50-438e-928c-04db1b71a1c8,Majiwada-Manpada,Citizen Awareness,2021-02-20,777,Excellent
b6d85183-8000-4225-bd45-e2a4f6d6fc50,Majiwada-Manpada,Citizen Awareness,2019-09-12,795,Successful
ee49f5bc-705d-489f-b804-298265fb8940,Vartak Nagar,Citizen Awareness,2025-03-29,211,Excellent
2acd8f22-f455-42d3-97e7-9dfeaaf970fa,Mumbra,Mock Drill,2026-07-05,439,Successful
09217716-0e6d-4162-849a-f96dd940e894,Lokmanya-Savarkar Nagar,School Safety,2020-11-12,174,Successful
cb4d0ce5-932a-4637-8ad0-6e08823a8287,Kalwa,Citizen Awareness,2021-03-19,449,Successful
19427a2e-bc05-4118-9be0-be86faabf684,Lokmanya-Savarkar Nagar,School Safety,2021-11-05,964,Successful
ff48336e-9b6e-4775-8de4-e52afdf281a4,Diva,School Safety,2024-01-27,635,Successful
2f441b7d-1e3a-478d-b09f-26b96ea92654,Diva,Mock Drill,2026-03-27,275,Needs Improvement
a63333e0-2b98-4c29-8a89-37f16e215842,Mumbra,School Safety,2023-04-17,330,Excellent
844f4639-9d55-41fd-8cab-25484cae4743,Majiwada-Manpada,School Safety,2024-06-22,266,Excellent
cfa3bb95-b111-48c1-aaae-72ee1f23d897,Uthalsar,Mock Drill,2026-07-06,821,Excellent
73f0bc99-29ff-4461-9d12-f126168d6412,Lokmanya-Savarkar Nagar,Mock Drill,2018-10-15,874,Successful
e95d8324-8ef6-46af-9c0c-d1ca6bf77e7a,Wagle Estate,Mock Drill,2020-04-30,970,Successful
ce66b586-2882-40cc-84d4-6b78782926b6,Kalwa,Mock Drill,2026-08-19,964,Needs Improvement
334d5963-85fc-475a-b745-ec6f6a2a8162,Mumbra,Hospital Preparedness,2026-07-15,192,Successful
f1f242ba-7b11-4e41-9ccc-a863ece6bcaf,Mumbra,Citizen Awareness,2019-01-10,910,Excellent
e29fe761-e12e-46e4-8bcc-fb73cfa882c6,Naupada-Kopri,Citizen Awareness,2025-03-03,862,Excellent
23130b7e-1bb5-4934-99cf-52c813e391b6,Diva,Citizen Awareness,2024-09-28,273,Needs Improvement
8da01df1-7f96-4770-96e9-8a2f1c903760,Kalwa,School Safety,2019-08-11,876,Successful
b50dab79-e1ba-47e1-b89e-9f69c499e528,Uthalsar,Mock Drill,2023-08-13,106,Needs Improvement
34f50164-6288-4482-a3dd-bb16ead66774,Diva,Hospital Preparedness,2021-03-06,127,Excellent
9a5c1287-5c63-4c7b-b4bf-8cd21ab7a556,Vartak Nagar,School Safety,2021-12-30,87,Successful
e5a0f7cb-e0ff-4e8e-bcb4-3db10bac0254,Diva,Mock Drill,2020-10-04,108,Successful
712ea542-e86d-4793-9ad4-f7e45fb1526a,Kalwa,Hospital Preparedness,2022-04-08,388,Successful
556384d1-7dbd-4c24-9a29-f49ad0ae8517,Uthalsar,School Safety,2025-05-09,918,Successful
8c1959a4-0729-4b24-a233-3e2b4f24f7f9,Kalwa,Citizen Awareness,2020-10-13,199,Excellent
1103b011-bd61-49d7-bf26-5d8e6f54fb29,Lokmanya-Savarkar Nagar,Citizen Awareness,2020-09-16,444,Successful
086229c1-2b0f-4cb6-a743-fff384c832e7,Majiwada-Manpada,School Safety,2022-10-25,631,Excellent
81d76b6b-145d-488f-ab3e-da8a192e48c9,Majiwada-Manpada,Citizen Awareness,2022-11-01,65,Successful
8bc6dfa2-6307-4e25-bad2-2aaa7e1b8248,Diva,School Safety,2023-11-13,102,Successful
8dc1cfc7-e527-42f6-b760-3505da510990,Wagle Estate,School Safety,2020-05-19,524,Excellent
29dc5173-2495-4317-b469-f15872f62cf8,Wagle Estate,Mock Drill,2022-08-02,939,Successful
68e726e4-dae5-4306-9e7c-bcef56bc43ef,Wagle Estate,Hospital Preparedness,2023-05-07,670,Successful
8210f8c6-5c7e-474d-9930-251c94bec5c2,Lokmanya-Savarkar Nagar,Citizen Awareness,2020-02-03,90,Excellent
7d361630-d4dd-4d98-a773-c25ec1eca1f7,Kalwa,Hospital Preparedness,2025-04-19,199,Successful
e90a2ad4-58e4-41a9-b206-ae08b5281f6d,Majiwada-Manpada,Mock Drill,2019-07-01,548,Successful
a1216bda-d859-4dde-bd14-86a54b771cd6,Naupada-Kopri,Mock Drill,2019-07-09,923,Successful
97127f4a-0bbf-4825-9a4c-424b18f705ae,Mumbra,School Safety,2018-07-07,979,Successful
847adc46-2950-4686-8726-5ce842c617cb,Wagle Estate,Citizen Awareness,2019-10-21,540,Successful
4460230a-7b8d-486a-9bbc-29ec5c153fcf,Diva,School Safety,2021-07-03,656,Excellent
a29eb434-5818-4eef-b90e-27548b74b714,Mumbra,School Safety,2018-09-17,567,Successful
0b8b0663-b64a-474e-8bb3-eb6936fc92b3,Mumbra,Citizen Awareness,2025-06-02,329,Successful
0d7032f9-35a3-45ef-a270-74e30d9f6b54,Lokmanya-Savarkar Nagar,Hospital Preparedness,2021-12-09,982,Successful
787028e3-0205-4448-bc71-d944e848ec23,Kalwa,Hospital Preparedness,2025-10-12,516,Needs Improvement
eadd07a6-10b1-42fe-81a9-272b40f06614,Lokmanya-Savarkar Nagar,Hospital Preparedness,2025-07-31,960,Excellent
764a3914-e37d-4ec7-8969-70e791f4ec3e,Mumbra,Hospital Preparedness,2020-02-17,536,Excellent
31d92ce0-4e7d-40fe-bd87-9a8c2e6643ac,Naupada-Kopri,Citizen Awareness,2024-03-25,468,Successful
46430065-ecd1-43bd-97bd-e9319b3b7b33,Vartak Nagar,Hospital Preparedness,2019-05-17,809,Successful
d2b9d3a4-4a5e-42c7-8b6e-cb55315d7e2d,Uthalsar,Citizen Awareness,2018-05-16,247,Needs Improvement
7558bc8a-42f9-4318-905f-3a19d75784d4,Diva,Citizen Awareness,2023-06-02,228,Successful
c04c8abe-0b87-4236-9dd8-7d24933348a4,Vartak Nagar,Hospital Preparedness,2024-11-28,87,Needs Improvement
88732e43-132a-4756-9236-659413b74e93,Vartak Nagar,Mock Drill,2020-06-20,495,Successful
b684d36d-ba7b-4cc1-852d-347210fc1dd5,Majiwada-Manpada,Citizen Awareness,2019-07-31,455,Successful
d166ac36-a5d9-4d05-af07-95a8f4060fba,Vartak Nagar,Hospital Preparedness,2018-10-27,863,Successful
320f9c9e-eb05-4df3-a384-311cdeb048fd,Vartak Nagar,School Safety,2025-02-08,633,Excellent
ba3b324b-6c34-4e68-9506-b50f38cfde3a,Uthalsar,Citizen Awareness,2021-02-02,438,Successful
e8dc15b3-58e8-4a02-afd7-a28770c498ee,Naupada-Kopri,Mock Drill,2026-02-06,650,Excellent
7f94648b-78d1-4b2c-a610-01586dd02020,Naupada-Kopri,Hospital Preparedness,2019-11-12,662,Successful
34a255c5-bf9b-4e37-9361-56855ebb642d,Diva,Mock Drill,2021-04-12,537,Excellent
95eb0ff0-fcdc-4f51-bc62-319d9521dfa4,Wagle Estate,School Safety,2021-12-24,904,Excellent
bc407593-736d-4af5-8232-e634de53fa83,Uthalsar,Citizen Awareness,2024-09-26,832,Needs Improvement
69fd64e0-b9ef-4388-a6c0-dfcf2f2263c7,Majiwada-Manpada,Citizen Awareness,2021-12-09,987,Successful
36b38378-dfda-48b3-9f63-a3346d5a14dc,Lokmanya-Savarkar Nagar,Mock Drill,2018-04-23,607,Successful
db8ab6c6-f9d6-42c9-a05b-6fd03b38c9d6,Mumbra,Citizen Awareness,2026-12-02,800,Successful
cdf9bcb2-558a-4fc7-9cfa-c126352b40c6,Naupada-Kopri,Citizen Awareness,2022-08-05,531,Needs Improvement
09e9f5c5-b72f-4a52-8d2b-fbddcf04e5db,Naupada-Kopri,Citizen Awareness,2023-04-26,934,Successful
39e68272-e4de-4371-8f1c-b0abddaeb7d0,Uthalsar,School Safety,2026-11-16,945,Needs Improvement
aeb39d2a-3577-433f-a7de-3a8c6818b56a,Lokmanya-Savarkar Nagar,Hospital Preparedness,2026-09-02,263,Successful
6e94aa06-0d78-400a-ba76-bc221cb37ac2,Wagle Estate,School Safety,2025-12-03,587,Excellent
0da706f2-0bc3-465b-ab4d-7b84e227c496,Mumbra,School Safety,2022-10-24,279,Needs Improvement
c4832163-c8b6-4db9-81e2-71acf41df337,Naupada-Kopri,School Safety,2022-04-25,565,Excellent
a26fec53-1647-4de5-b464-fea7d003146b,Diva,Citizen Awareness,2023-12-15,297,Successful
19ffdd24-859a-4542-b656-647a08c14006,Diva,Mock Drill,2026-04-02,499,Excellent
e040956b-c0aa-4bdc-8edf-c7390cb07cde,Naupada-Kopri,Hospital Preparedness,2021-07-20,925,Successful
be8259cf-0d6e-46cc-841e-c4b5db08ef49,Vartak Nagar,Hospital Preparedness,2024-08-15,116,Successful
b6c63658-cbe7-4cc8-827d-b1bac9f08ace,Diva,Mock Drill,2023-09-25,740,Excellent
81e6d799-5add-4623-bb11-8d61c081d6c3,Majiwada-Manpada,Mock Drill,2025-07-21,916,Needs Improvement
0ad6a832-7325-4fd4-9a49-d4515d5b57de,Uthalsar,School Safety,2018-12-12,217,Successful
f3ebb169-5928-4d9f-8936-c3a3abb5a215,Lokmanya-Savarkar Nagar,Mock Drill,2023-01-10,507,Successful
f6efe210-b870-4a23-9eed-6ec8a953f0b8,Diva,Hospital Preparedness,2026-12-22,807,Successful
9381eb41-3b4c-4eae-a773-ce2272f603f6,Vartak Nagar,Hospital Preparedness,2022-03-27,907,Successful
ed2a6cb6-adeb-4e44-bc7b-5f02dd839ce1,Mumbra,Mock Drill,2026-05-12,225,Successful
407405c7-f1db-4010-862e-21253f8ec02e,Vartak Nagar,Mock Drill,2024-09-29,532,Successful
c5df2880-9bce-4532-bba9-c12971d7df6c,Diva,Citizen Awareness,2021-08-03,275,Excellent
135f6652-e137-425c-9f04-2f9388523c7a,Kalwa,Citizen Awareness,2018-09-24,544,Successful
6180130e-828b-4b43-bf6a-7aa3ab6dac15,Uthalsar,School Safety,2025-01-03,706,Successful
0d93fca6-2fe1-4d47-902b-c427aeccfb06,Majiwada-Manpada,Hospital Preparedness,2026-07-16,917,Successful
1f9cbdf0-6293-4a8a-893f-8ad2854c1f72,Lokmanya-Savarkar Nagar,Citizen Awareness,2020-08-28,162,Successful
6263e1b1-7be9-4fc9-b8dc-ba7503056bb3,Naupada-Kopri,Mock Drill,2020-01-06,290,Successful
f70eddca-ca58-494b-8a75-56e4231a3aa5,Vartak Nagar,Hospital Preparedness,2025-08-17,938,Successful
589e94d7-ee69-4e84-868f-d7562b959a88,Vartak Nagar,Mock Drill,2025-06-04,792,Excellent
7be40346-91bc-4a16-9d24-2d9ae30e42cb,Uthalsar,Citizen Awareness,2022-01-05,103,Successful
ccbf8b37-5411-43b2-a212-ead70132bd42,Majiwada-Manpada,Citizen Awareness,2021-09-02,663,Successful
a4b69e9d-980f-4f04-af64-7c912eb91043,Lokmanya-Savarkar Nagar,School Safety,2018-02-02,678,Excellent
3f91830e-58f4-41d5-8db8-8a3fcac99ffb,Naupada-Kopri,School Safety,2025-03-06,980,Successful
72614509-7f6c-4d3f-ac58-23d32e8a3c7e,Diva,Citizen Awareness,2018-05-20,645,Excellent
56f33554-06d6-4638-adb1-a5f37a205460,Wagle Estate,Hospital Preparedness,2025-05-21,297,Excellent
05ab2209-a140-40c9-9f5c-74c91e8675ca,Lokmanya-Savarkar Nagar,Mock Drill,2018-01-09,558,Successful
0029f3bb-ac04-46cd-b75c-b7caf2f6cc6e,Lokmanya-Savarkar Nagar,Hospital Preparedness,2026-06-13,117,Excellent
6819e5c3-2dbc-4d24-a503-5179fdc0d467,Vartak Nagar,Citizen Awareness,2022-08-05,794,Excellent
0ec862d1-2261-4036-b48e-af88be56cfea,Kalwa,Mock Drill,2026-09-28,200,Excellent
c067191b-4f82-4ccb-89c8-a1c84bb80a30,Mumbra,Mock Drill,2021-12-16,914,Excellent
bac34893-7be0-43ff-b758-5fb962973ff0,Lokmanya-Savarkar Nagar,Mock Drill,2020-02-13,751,Successful
5a666dec-7ad2-421b-b57f-1fccd39f485f,Lokmanya-Savarkar Nagar,Mock Drill,2018-04-29,602,Excellent
922f7330-6909-4ba2-8cf3-119deb8888b7,Wagle Estate,School Safety,2024-09-26,462,Successful
82374d2e-54a6-4612-bc02-f93b39e43a57,Uthalsar,Mock Drill,2025-07-31,348,Needs Improvement
384b673e-8e96-472e-8a1e-75275b6e3868,Uthalsar,School Safety,2019-11-28,264,Needs Improvement
a1482a16-1977-47ce-a57e-c379df0912fe,Naupada-Kopri,School Safety,2023-09-16,106,Successful
16ac2430-6f90-4bf3-809b-9e5de5f7e8eb,Uthalsar,Hospital Preparedness,2022-08-18,963,Successful
e9201958-d8d2-4a63-8e63-5f22705ecd89,Wagle Estate,Citizen Awareness,2019-02-20,301,Successful
b3246867-c2da-47e2-9d73-404f2031abae,Majiwada-Manpada,School Safety,2021-02-03,190,Excellent
13950ad9-adf8-4611-a1ff-65fee157e87d,Lokmanya-Savarkar Nagar,Mock Drill,2026-07-03,815,Successful
4004df57-fdaf-4e9d-aab1-de72c880a3f9,Diva,Mock Drill,2023-08-08,997,Successful
5fefa1a6-1bbb-43e6-afd8-5ba92c16c03e,Uthalsar,School Safety,2026-12-19,213,Successful
f53cbb4e-ab44-4a91-a19a-5a02b76ea36f,Kalwa,School Safety,2022-01-27,498,Excellent
a4e2cf67-869d-4c84-8f87-609f7cf3b762,Kalwa,Citizen Awareness,2023-05-11,119,Excellent
99da4e22-9d10-4d61-8e64-5b07d9cf441b,Kalwa,Citizen Awareness,2019-05-10,935,Successful
77b08f56-2da5-46f4-a23f-3fd36b462a5e,Wagle Estate,Mock Drill,2025-08-10,340,Successful
cb05f5df-854e-4d6d-a495-d8b7b8edc835,Kalwa,Mock Drill,2018-04-04,174,Excellent
b0ce79bb-fc18-411e-b9a4-b89fdbdf07ba,Naupada-Kopri,Hospital Preparedness,2018-10-11,339,Successful
f277a95d-d59d-47cb-a18c-6eb429f77b35,Wagle Estate,Mock Drill,2023-08-24,75,Excellent
93ad2aba-040e-490e-9f8b-c58c132de83e,Uthalsar,Citizen Awareness,2020-11-09,855,Successful
fec34b83-11e5-49e6-8e07-eca3df88d256,Uthalsar,Hospital Preparedness,2022-01-11,149,Needs Improvement
8dd232fa-ae95-4d82-84dd-eb1a833dac1b,Kalwa,School Safety,2021-06-12,303,Excellent
8a13c551-cbf7-489e-b0e8-65440a9c895e,Wagle Estate,Citizen Awareness,2018-01-11,813,Successful
f605e9f7-4cef-49f0-b591-400ad65b7804,Diva,Citizen Awareness,2023-04-14,873,Needs Improvement
5e47960f-7d5f-450c-98e7-e22e8535fc7f,Lokmanya-Savarkar Nagar,Citizen Awareness,2025-01-04,820,Excellent
160350ff-2dab-4874-9870-2c339b02c150,Kalwa,Hospital Preparedness,2020-09-25,500,Excellent
01291d7f-02ea-42d9-9ca8-4227c81abcd6,Diva,School Safety,2024-09-13,258,Excellent
4377ec0f-b968-423c-9126-3ca0da984261,Majiwada-Manpada,Mock Drill,2019-08-24,558,Successful
aeb61e86-0357-431c-bb0c-e93819eb63d1,Majiwada-Manpada,Mock Drill,2020-02-27,744,Successful
a71411ca-a5d7-4aa4-8b60-7a7affebdae5,Majiwada-Manpada,School Safety,2022-03-10,187,Successful
90f0ec6e-38b7-4167-95f2-44a64882a444,Lokmanya-Savarkar Nagar,Mock Drill,2024-06-18,946,Excellent
f4946f64-99e3-4dc3-9811-1406635a4e56,Uthalsar,Citizen Awareness,2023-04-20,63,Excellent
3cbdee52-b908-4637-a3a3-f36dc5586db0,Uthalsar,Mock Drill,2022-07-14,366,Excellent
0cf3fe49-6e7b-40f7-a5bf-2b6a29ae4aba,Uthalsar,Mock Drill,2026-06-17,769,Needs Improvement
148d0f66-f5cb-4177-a973-ad2f61fe3f54,Wagle Estate,Hospital Preparedness,2018-09-26,175,Successful
5a503765-e7ab-4df2-8b95-998e47502c05,Naupada-Kopri,Hospital Preparedness,2025-07-09,756,Successful
17d2f8a3-d875-4011-8452-3d5164266f97,Wagle Estate,Hospital Preparedness,2025-12-07,532,Successful
ba68fcc3-1ada-4b49-b960-493604aa3cfd,Mumbra,Hospital Preparedness,2022-09-10,573,Successful
15e6b289-8731-4dec-b6bb-2c0c80fbf88e,Lokmanya-Savarkar Nagar,Mock Drill,2021-03-10,496,Excellent
b207f2c5-f5c4-4fd8-be19-4da74eca1e3f,Lokmanya-Savarkar Nagar,School Safety,2026-02-04,606,Successful
17ae34f0-cc59-47cf-983b-a7309f18eb08,Mumbra,School Safety,2022-01-27,640,Successful
3b2a31ae-260f-48ee-b347-2a4c49875a1f,Mumbra,School Safety,2021-10-31,959,Successful
2a6a8ebe-b1dc-4e0f-964e-0ad2d77034d6,Mumbra,Mock Drill,2023-07-05,377,Successful
ec4d8d1a-a275-4ae1-9811-09c966b0f9db,Diva,Hospital Preparedness,2021-04-10,308,Successful
b0a3b60e-7e53-4aa1-9378-cc944d0aa193,Vartak Nagar,Hospital Preparedness,2019-09-11,651,Successful
4cea45a0-1ec3-48be-bcb7-dd19c2b94d06,Diva,Mock Drill,2019-03-14,383,Needs Improvement
8ffa3d67-ebde-4bcf-a16a-e41abd1f484d,Kalwa,Mock Drill,2024-09-04,650,Excellent
d7308949-d30e-4406-befe-949742669f9d,Wagle Estate,Hospital Preparedness,2025-11-20,257,Successful
cffa168f-e69d-44fe-b220-a7f663e9d4f1,Wagle Estate,Hospital Preparedness,2018-08-02,211,Successful
3bfd8d9a-77c6-4607-919f-9d7f85d8889b,Diva,Citizen Awareness,2021-03-04,307,Successful
d7f080c1-73cb-459e-b78c-3a1acd3fb1b9,Wagle Estate,Mock Drill,2021-11-23,511,Excellent
273e96a3-706c-4b5f-ae7c-480a99a66d25,Uthalsar,Mock Drill,2024-01-20,119,Excellent
3c5b94d0-606e-467c-8e67-c2df80a89898,Mumbra,Citizen Awareness,2024-11-22,809,Successful
10250c56-b026-46ec-831e-3ef057588258,Wagle Estate,School Safety,2025-01-05,858,Successful
a6a1ee7e-70e4-4faa-8d5a-92696f2361a9,Wagle Estate,School Safety,2021-11-02,620,Needs Improvement
9a829444-1cc4-43f4-b4e8-089dec1158ad,Kalwa,Hospital Preparedness,2024-07-25,950,Excellent
e4c7e473-2adc-459f-b2d4-282da675a7b0,Naupada-Kopri,Citizen Awareness,2024-11-22,155,Excellent
5a5877c1-37fc-490c-aa2d-0831c7727dd6,Mumbra,Citizen Awareness,2024-05-19,909,Successful
18f44308-b27b-46e5-86a4-a229b5d647b3,Diva,School Safety,2024-01-19,709,Excellent
00d5ed86-92c8-4b0c-8be3-3fd939c28fe3,Naupada-Kopri,Hospital Preparedness,2020-10-22,297,Excellent
930fd26d-24b1-4f33-a1ce-1a7b4d3838f6,Lokmanya-Savarkar Nagar,Mock Drill,2021-03-30,635,Successful
7479a7cf-452a-4c4a-a9be-5bc3d60efa02,Diva,School Safety,2026-10-28,692,Successful
310e86c1-7801-4122-a758-2f980b58ca60,Vartak Nagar,Hospital Preparedness,2020-05-19,683,Needs Improvement
2994d956-a8cc-43ca-82e8-b17f0fe427f9,Diva,Hospital Preparedness,2026-06-28,774,Successful
495ae0e8-76d4-433d-bf03-e25f9d8435ef,Diva,Hospital Preparedness,2025-09-05,112,Successful
457e12ac-1e6a-4dff-ab14-f4c87771c7d4,Vartak Nagar,Citizen Awareness,2021-09-12,960,Excellent
793f172a-7987-4362-8ddf-454f2eb0654d,Mumbra,Mock Drill,2025-06-02,685,Needs Improvement
604e28c8-1cf1-48d2-9d8b-979957d51bd1,Majiwada-Manpada,School Safety,2026-02-06,537,Successful
4bb0b8f2-71cc-46ba-979e-8fd17eae0cb2,Wagle Estate,Mock Drill,2025-04-22,957,Excellent
067c3f61-5b7b-4715-85c6-e38d68359934,Majiwada-Manpada,Citizen Awareness,2018-07-12,474,Excellent
be6d176b-6cb1-493e-956a-ab0eaf23b68b,Naupada-Kopri,Hospital Preparedness,2023-11-20,329,Successful
e2ad0967-0e4c-47e9-9779-bb771cb3d899,Lokmanya-Savarkar Nagar,Citizen Awareness,2026-01-05,82,Successful
fdd8e5d5-9571-41d7-90d7-be460ac91b32,Mumbra,Hospital Preparedness,2023-04-05,512,Excellent
5080d54e-9944-422b-bbdb-a9d0b5b2d2b4,Vartak Nagar,School Safety,2019-11-02,797,Successful
526e1fd7-b304-47da-bc3a-e428cf6843ff,Majiwada-Manpada,Citizen Awareness,2018-10-12,696,Successful
17f2bc61-f788-424b-a786-088b32f03cf9,Uthalsar,Citizen Awareness,2024-11-26,769,Successful
cac342f6-b8f1-4a88-aa14-db4a1065f3ba,Mumbra,Citizen Awareness,2018-08-19,966,Successful
0e3471ed-9f63-4afe-b888-16dc7611e496,Naupada-Kopri,Hospital Preparedness,2020-01-02,711,Excellent
3e833002-62dd-49d7-b4a4-23ac818a9ef6,Mumbra,Citizen Awareness,2019-09-12,314,Needs Improvement
1f499b17-ab11-4e00-9263-20f63cfcf965,Mumbra,Mock Drill,2021-02-14,895,Successful
65c9e648-9628-4ca0-a7e9-2bf95c60ad4b,Kalwa,Hospital Preparedness,2026-07-24,316,Successful
00e0af0f-6313-4fd3-8296-3405a8dbb98c,Uthalsar,Hospital Preparedness,2023-02-01,198,Successful
a0433cc1-a3d3-49fd-bfd5-8c1b5589d9ba,Majiwada-Manpada,Citizen Awareness,2019-09-28,495,Excellent
967f7c33-b5a3-4392-bd4c-a606bd7ee914,Majiwada-Manpada,School Safety,2025-07-24,758,Excellent
801d62e9-b284-4517-8d5f-1ca5504c4751,Mumbra,Hospital Preparedness,2021-10-19,961,Excellent
3ac4606a-bcc1-4990-b033-5508d04a97bd,Uthalsar,Citizen Awareness,2019-05-18,908,Excellent
e0966414-ac1c-4a23-acb0-d5f47ebf5801,Naupada-Kopri,School Safety,2018-02-01,479,Excellent
284e0951-e5b4-4872-90d7-9c82a5d472a0,Majiwada-Manpada,School Safety,2025-09-12,299,Successful
5f948b52-7527-413e-a869-0f0aeb58226b,Vartak Nagar,Mock Drill,2025-06-13,543,Excellent
7fa39cb0-f2a0-4ac0-95bd-69b85f7c8a0f,Lokmanya-Savarkar Nagar,Citizen Awareness,2021-02-13,593,Successful
e831e000-273f-4696-8fdc-9d13acad2fa2,Mumbra,Mock Drill,2025-06-03,536,Excellent
62ad92b6-f699-4b23-b0a4-b411d4c00ba5,Lokmanya-Savarkar Nagar,Citizen Awareness,2022-01-20,410,Excellent
50f58be2-c069-4063-b5c9-5d958dbf94d7,Vartak Nagar,Citizen Awareness,2019-12-23,249,Successful
e1951e3c-ccc9-4932-b5e3-44e454828302,Diva,Citizen Awareness,2020-10-23,302,Excellent
fc9e6496-eb13-4cd4-ab5e-77fb40b4c776,Naupada-Kopri,Mock Drill,2024-02-10,811,Successful
66a95f8f-e87c-4602-890d-51d4c8b0209a,Kalwa,Citizen Awareness,2018-05-31,548,Successful
f7f8f0dc-ca06-4ac4-a4da-6ceb2ad5c001,Uthalsar,Hospital Preparedness,2018-11-06,584,Excellent
81c802aa-4726-4dd0-be3b-cfbfa4eba0be,Diva,Citizen Awareness,2020-09-21,648,Excellent
552c7e83-c71b-41b8-8290-81a72d314d27,Majiwada-Manpada,School Safety,2026-03-02,245,Successful
42966b3d-7cae-4650-a58d-d5c8a2c4b79b,Mumbra,Mock Drill,2021-09-26,186,Excellent
0f11b877-5eef-44b9-9d40-a9ccba72c979,Naupada-Kopri,Citizen Awareness,2021-03-12,826,Successful
1d673e16-32d4-4bc0-9f57-ffec06c84b56,Naupada-Kopri,School Safety,2026-06-17,615,Excellent
0b9398b4-dcd2-4133-8cbf-724bae033990,Naupada-Kopri,School Safety,2023-03-16,939,Excellent
560620db-ca45-4051-af85-ccd4bf53738a,Lokmanya-Savarkar Nagar,Mock Drill,2019-01-15,610,Excellent
1f918a6b-116d-4013-95aa-a8c0ccb01586,Wagle Estate,Citizen Awareness,2020-06-16,807,Successful
72cf7ebf-160a-4c49-9fc3-82888ccb20dc,Majiwada-Manpada,Mock Drill,2019-02-22,680,Successful
e4d02b3c-fd2b-42c4-a022-d6d5fec05487,Lokmanya-Savarkar Nagar,Citizen Awareness,2019-07-30,362,Successful
cb7ae122-7f6c-41fb-b57b-51ecbc8bc7d8,Majiwada-Manpada,Citizen Awareness,2025-07-28,944,Successful
6f6053d0-5d01-4b94-a5a0-d464e9c88ae2,Diva,Citizen Awareness,2024-11-26,298,Needs Improvement
b2cd95c8-eb37-4067-849e-e660f59fbd12,Mumbra,Hospital Preparedness,2020-05-10,259,Excellent
d2873caa-2b19-4852-89dd-374285367717,Majiwada-Manpada,Mock Drill,2020-07-30,384,Excellent
8d9a51af-a443-4a0b-984a-bbd5087113f4,Wagle Estate,School Safety,2024-02-29,632,Excellent
11be6fed-12f6-4e9b-8178-a1b191d90f78,Vartak Nagar,Mock Drill,2018-10-05,381,Needs Improvement
4a74cb5b-682d-4624-aa05-16734b6dc3b5,Uthalsar,School Safety,2021-10-01,400,Successful
91b5d31f-f456-462f-92c4-35c49b375e92,Kalwa,School Safety,2021-01-28,186,Excellent
36a135bb-fcbf-4edf-b758-3b8bbd0b836a,Mumbra,Citizen Awareness,2020-01-20,103,Successful
7b81e3d8-2f2f-4991-9100-a6dbe0d9133e,Kalwa,School Safety,2020-09-08,524,Successful
ed65bdfd-9ed3-4b00-ae09-fabba87a0d33,Mumbra,Mock Drill,2023-11-17,350,Excellent
9b58a091-56f4-4b11-bab3-4bf1a0a188b0,Naupada-Kopri,School Safety,2023-12-13,999,Excellent
815b722f-edd6-4112-9719-753a91ffa6df,Uthalsar,Citizen Awareness,2024-11-01,685,Successful
1aa47f5e-769d-4edf-a5a8-948a2fefdd56,Vartak Nagar,Hospital Preparedness,2025-01-22,482,Successful
4d30c3f6-6036-49d0-bea1-8bfce500a77b,Mumbra,Hospital Preparedness,2025-02-16,840,Excellent
bcb95e6f-f31e-43f9-8f66-96f124630c09,Diva,Mock Drill,2020-09-08,310,Excellent
2e7a0287-2c51-4e63-9585-8a03ace48085,Naupada-Kopri,Mock Drill,2026-10-18,299,Excellent
e2a25d7f-a082-4619-ba56-25069f082be8,Mumbra,Hospital Preparedness,2020-03-26,931,Successful
abe938eb-80e4-422b-836f-fe37fccf528f,Uthalsar,Mock Drill,2021-01-12,805,Successful
dfb9683c-f697-4d4b-bcd0-08a2484bddd3,Mumbra,Mock Drill,2024-05-03,854,Successful
d1fa9480-1c64-4b1d-a389-e558a6808585,Mumbra,Citizen Awareness,2024-07-01,152,Successful
ce402934-da98-4f51-bb8c-ad7470608884,Wagle Estate,Hospital Preparedness,2018-08-02,811,Successful
29be1aa5-39d1-41ea-a638-91379af262e4,Kalwa,Citizen Awareness,2020-07-23,890,Excellent
95191982-e5dc-4b46-8d31-6338ed254b95,Majiwada-Manpada,Hospital Preparedness,2021-07-24,582,Successful
cf017808-1f62-4f0e-9150-f946e403766f,Naupada-Kopri,Citizen Awareness,2024-04-28,202,Successful
1a086572-b3ff-49da-821d-cd6d3e07c5ea,Uthalsar,Citizen Awareness,2018-10-31,894,Excellent
bea6a454-fe66-401e-977b-97a85742ede2,Kalwa,Mock Drill,2023-09-13,618,Successful
bdf3b05e-af8a-48ac-90d3-00ab2b7f9a7d,Mumbra,Mock Drill,2018-05-04,680,Excellent
36383ab9-c2a8-4606-9d65-e4c81a30045c,Majiwada-Manpada,Hospital Preparedness,2018-11-23,213,Excellent
3b0ff495-b53a-4360-a1be-70ce9ab132c7,Kalwa,School Safety,2018-12-30,809,Successful
60b4dcac-7042-4209-a3c6-47e4928ccabb,Vartak Nagar,School Safety,2025-05-31,764,Excellent
b4869b21-d1fa-4760-81fc-c3e86b63fece,Kalwa,Mock Drill,2026-02-21,690,Successful
04920b60-8cc2-40fa-9f9f-1686593123a3,Lokmanya-Savarkar Nagar,School Safety,2021-12-01,59,Successful
9a8d1eaf-a254-4a74-8b8b-5d21296718f8,Mumbra,School Safety,2021-04-18,633,Successful
389fc41f-27fa-41f9-bf8f-7b1b7dabdb61,Lokmanya-Savarkar Nagar,Mock Drill,2025-03-07,753,Successful
d7832cda-240b-4782-b854-6e9b68481c29,Naupada-Kopri,Hospital Preparedness,2026-08-16,792,Excellent
78fd5241-2962-4c16-892c-0516efd91e69,Lokmanya-Savarkar Nagar,School Safety,2026-11-10,412,Successful
2427320a-d6bb-4ffc-840d-40f7fbb7f9fe,Lokmanya-Savarkar Nagar,Mock Drill,2018-10-20,908,Successful
90594c6e-fea2-4826-9950-08c15e1554a9,Wagle Estate,Hospital Preparedness,2025-06-26,515,Excellent
b541f09a-42cd-4e50-8953-fded2a3a8eaf,Majiwada-Manpada,Citizen Awareness,2025-06-12,799,Successful
93359c17-8f19-47c5-bc6a-5f1736e925c6,Wagle Estate,School Safety,2022-03-18,794,Successful
1335833d-5b2e-4ca8-af2e-67c3d58caf16,Uthalsar,Hospital Preparedness,2024-05-03,942,Successful
4f4aa9dd-ecc0-415a-b37d-5d69737c57a3,Wagle Estate,Hospital Preparedness,2018-05-01,150,Successful
8a332b40-b7a5-499d-a3ef-189fe88363db,Mumbra,Citizen Awareness,2019-07-24,543,Excellent
86b3d893-a6bf-4199-9f7c-c216ab7fb2eb,Wagle Estate,Citizen Awareness,2025-11-12,982,Successful
ddcc862c-1860-40d0-b6c0-af1e54cd7776,Diva,Hospital Preparedness,2026-07-18,164,Needs Improvement
2f644db5-07d9-4cca-a797-af7ae86a8bf2,Uthalsar,Hospital Preparedness,2023-04-01,625,Successful
eaa83345-ddf1-4ce8-8688-b9ec224b4523,Diva,Citizen Awareness,2026-06-27,397,Successful
c5a8b08e-8a89-4148-91da-4a6b4c51871e,Mumbra,Mock Drill,2026-10-27,79,Excellent
a9dbe1b5-e8d4-45d2-a25e-fa9d711f836d,Vartak Nagar,School Safety,2019-09-21,62,Successful
f50708bf-7b07-4db6-b715-12dac8282751,Diva,Citizen Awareness,2023-02-02,425,Successful
8513d129-7786-4412-a28a-9befcd6b3c49,Uthalsar,Citizen Awareness,2018-10-20,951,Needs Improvement
ec14c68b-11b6-4b0e-b6c5-4d79607c499c,Majiwada-Manpada,Hospital Preparedness,2026-09-28,683,Excellent
9c765023-94af-4d84-b796-f864fe9e944f,Vartak Nagar,School Safety,2019-01-11,353,Successful
bf46e52b-3ab2-4d6b-93d0-a70f58bea936,Mumbra,Hospital Preparedness,2021-09-08,669,Successful
810727b4-4a5c-4251-aeb7-90b98c1672c7,Uthalsar,School Safety,2020-06-22,225,Successful
2409afce-558a-444a-9ad1-fa3592999679,Uthalsar,Mock Drill,2025-12-21,63,Excellent
0e2a6281-94f6-4f84-9a77-e2a791aa6e9b,Kalwa,School Safety,2021-06-03,399,Needs Improvement
784d3465-a1bf-40cb-a7be-d248ac676440,Majiwada-Manpada,Citizen Awareness,2022-07-21,59,Successful
f26a845c-5943-4a30-adec-3e666d36bc04,Naupada-Kopri,Hospital Preparedness,2018-01-28,600,Excellent
0b3ba548-9a6a-453a-98a8-e98cba7e75de,Majiwada-Manpada,Citizen Awareness,2026-11-13,243,Successful
cd16f775-a949-422d-a7c8-bdb6cabc6692,Wagle Estate,Mock Drill,2021-05-27,707,Successful
38450053-f039-4478-af9b-04121a1dafba,Vartak Nagar,Hospital Preparedness,2019-08-30,972,Excellent
3c37e141-fa36-4e16-8cc7-67d7657af1e5,Wagle Estate,School Safety,2020-12-07,563,Needs Improvement
38476b54-e789-459c-8603-51cde859fa5b,Uthalsar,Citizen Awareness,2018-07-18,463,Successful
2f81969b-002b-4719-868c-403dca7d6fb4,Majiwada-Manpada,Mock Drill,2021-04-26,624,Excellent
bf2c8595-eb3a-446c-8a9e-4e58527b6baf,Naupada-Kopri,Mock Drill,2019-07-31,590,Successful
ba2669b7-4d48-4548-a84a-1cd437984735,Diva,Hospital Preparedness,2026-04-26,380,Successful
2f078a06-9fc3-46f5-9068-1277084e73a5,Lokmanya-Savarkar Nagar,Citizen Awareness,2024-05-21,442,Excellent
a70e63fc-a999-4374-a347-b9bff7caeba9,Kalwa,School Safety,2021-02-07,274,Successful
a570ad0d-589a-48c3-9ed6-1e769ded3d4a,Uthalsar,Citizen Awareness,2019-05-31,77,Successful
817a54ab-9a66-4c02-ba75-ac19d7b5a0c0,Majiwada-Manpada,Citizen Awareness,2022-11-20,695,Successful
45d9b84b-6339-4b0b-bb1c-557950a29ec4,Mumbra,Hospital Preparedness,2019-04-13,189,Successful
bd757576-c317-4960-b4c2-a00fb0bdcf32,Wagle Estate,Hospital Preparedness,2026-04-22,642,Successful
61394a29-6c9f-4d91-9bd7-dc5e55e1d05b,Lokmanya-Savarkar Nagar,School Safety,2024-11-28,619,Successful
6cee2a48-46b8-419f-beda-7a53ef3246f4,Vartak Nagar,Mock Drill,2024-05-24,554,Successful
c58c2a37-7e21-43aa-92fe-f181ac0988fe,Diva,Mock Drill,2022-07-05,172,Successful
3abcdae8-4873-43f3-92dc-d11931cb0c13,Uthalsar,Hospital Preparedness,2018-09-07,539,Successful
d137381b-e900-4310-8768-0eaf6fbdc78d,Majiwada-Manpada,Mock Drill,2023-01-24,275,Excellent
e5675be8-459c-44f2-a2ca-2eab09c99c5b,Diva,Mock Drill,2022-09-09,416,Successful
5edaf874-7079-4477-92d1-626fd30e314e,Kalwa,School Safety,2022-10-17,793,Successful
8d6b4738-9260-45c1-a079-8449ac15b61b,Kalwa,Mock Drill,2024-10-30,168,Successful
8c43d973-ba34-4d21-91cb-803920b5fd9d,Lokmanya-Savarkar Nagar,Mock Drill,2018-03-19,934,Successful
a88649ff-6417-4678-b5f0-8320f04dfcff,Mumbra,Mock Drill,2019-05-15,737,Successful
c9ccfee2-b65d-4adb-9c27-94cbe107779f,Majiwada-Manpada,School Safety,2022-07-21,353,Excellent
ad9a634b-4283-4c47-a309-0b365d5706ba,Naupada-Kopri,School Safety,2021-03-29,954,Successful
c0afccdb-c087-487d-8aeb-ae7bca47da1b,Wagle Estate,Mock Drill,2023-07-03,988,Excellent
32f78b38-949e-4898-820c-1bbea579632e,Naupada-Kopri,School Safety,2020-04-19,933,Successful
bec8cd34-cfb8-4dca-aee4-b2a39cb670f1,Naupada-Kopri,School Safety,2026-11-02,620,Successful
2edf705a-c360-4f84-b9f4-118a02c12982,Kalwa,Mock Drill,2026-08-21,780,Excellent
dedde5ce-57d3-4c69-8bc5-1a28a8ffcde5,Wagle Estate,Mock Drill,2022-09-16,881,Excellent
1ea9e774-6c19-480c-b7f7-580103d60e43,Lokmanya-Savarkar Nagar,School Safety,2023-08-08,275,Successful
758ceb95-2fb8-4053-a57c-df6cf60ce9f4,Majiwada-Manpada,Hospital Preparedness,2019-02-13,286,Excellent
2c6734e9-e336-4eb3-92ab-a707e6844609,Lokmanya-Savarkar Nagar,Hospital Preparedness,2021-04-29,480,Excellent
d3074ad8-16ca-4e47-8c21-f702d44f6d28,Majiwada-Manpada,Citizen Awareness,2019-08-08,892,Successful
a63657a6-0e32-4940-be80-b96d8340ade2,Majiwada-Manpada,School Safety,2019-01-27,534,Successful
35276947-50f5-449a-bd87-888365cdcae2,Wagle Estate,School Safety,2020-05-08,383,Excellent
82c3155d-7cd7-4962-a42e-04744a7281d1,Majiwada-Manpada,Citizen Awareness,2021-12-20,857,Excellent
e7308d6c-5b0f-4cb6-908d-d19b61718be5,Majiwada-Manpada,Mock Drill,2020-07-27,496,Needs Improvement
a4b74f72-6a22-4163-9b78-4d3173645f8b,Vartak Nagar,Mock Drill,2025-10-16,243,Excellent
390d4a62-7116-4832-98d7-7fee2ed30f7c,Mumbra,School Safety,2018-05-04,942,Successful
9780ad17-a9cd-4d0c-958d-9ebebb37581c,Mumbra,Citizen Awareness,2019-06-07,756,Excellent
80824ff5-7287-4f90-bc5a-e26b3f5ceddd,Wagle Estate,Citizen Awareness,2020-01-31,176,Excellent
97f0b8ec-808f-4ef4-b4f9-ae15a083545b,Mumbra,Mock Drill,2020-08-20,723,Successful
5b99fca9-d2ee-42b3-9806-ccae2b815590,Wagle Estate,Hospital Preparedness,2025-02-12,864,Successful
e215a5cb-f9a6-45a2-a732-7939275bd2a3,Kalwa,Mock Drill,2020-01-12,109,Excellent
45ec259c-1bc4-422b-bdb3-8af3f8bbff7e,Naupada-Kopri,Hospital Preparedness,2019-07-24,916,Excellent
8130674f-9a31-432f-976a-5dcb0703ccee,Diva,School Safety,2018-05-05,161,Excellent
3e2e9953-ad86-44f8-a910-1911e5574e9b,Mumbra,Hospital Preparedness,2022-04-30,753,Excellent
dbd26607-a500-4e27-bbcb-f8d4802a8745,Lokmanya-Savarkar Nagar,Citizen Awareness,2021-10-13,298,Successful
1b83d4d7-822c-48e9-aa16-e748394d1e1c,Mumbra,Hospital Preparedness,2020-02-25,260,Needs Improvement
b175d533-c77a-4f8c-8a50-b83bfd6abb1b,Vartak Nagar,Citizen Awareness,2026-03-14,169,Successful
5fb353a3-1e42-44f1-864c-1a2254416ef1,Mumbra,Citizen Awareness,2021-10-02,929,Successful
7e39e35a-4a98-433a-80b0-9df5b76cea59,Naupada-Kopri,School Safety,2026-01-26,771,Excellent
48347e2a-ba78-4a17-bb07-e2d2dade883e,Uthalsar,Hospital Preparedness,2022-06-11,809,Successful
c6432b3d-ed84-4cde-b7bc-82cdb54bbfe8,Lokmanya-Savarkar Nagar,Mock Drill,2020-02-06,826,Needs Improvement
150c8c24-d100-4377-8909-4032b6369f3c,Kalwa,Mock Drill,2024-01-02,645,Needs Improvement
39299712-f2b9-4152-863a-0327cb18016d,Naupada-Kopri,Mock Drill,2023-11-11,981,Successful
4787c433-2ea6-49a7-88ed-caa8e0cee1f9,Majiwada-Manpada,Citizen Awareness,2021-07-31,781,Successful
ab42f63b-19b0-46d7-9820-c7c4bda303e8,Lokmanya-Savarkar Nagar,Hospital Preparedness,2021-08-03,930,Successful
cbec883f-f21f-4784-b6b9-2e69392ef7de,Vartak Nagar,Mock Drill,2018-04-09,988,Successful
27666afa-8a0a-49b0-afac-407b37b84a67,Lokmanya-Savarkar Nagar,Citizen Awareness,2026-03-29,916,Successful
31bcdca6-c272-450a-b8bf-64ea323d7361,Diva,Hospital Preparedness,2019-10-18,343,Needs Improvement
42cb62ec-c53b-4b88-89d8-2b6bc1b849c5,Kalwa,Citizen Awareness,2018-10-09,552,Successful
e0dd2af3-c79e-42d4-bf2a-7b155e44c02f,Lokmanya-Savarkar Nagar,Citizen Awareness,2018-07-22,744,Excellent
68bb3acd-a66a-4685-afbc-f4b87ba7dfc5,Lokmanya-Savarkar Nagar,Hospital Preparedness,2025-07-08,721,Successful
da7e6b9b-5902-49bc-8e95-d14c9494401c,Lokmanya-Savarkar Nagar,Hospital Preparedness,2018-03-26,779,Successful
6f6f8e42-9a43-477c-b79c-50e8ce0ab5de,Kalwa,Hospital Preparedness,2018-11-05,201,Successful
a753033b-0382-4f7d-ac0b-bca97cdbfc6d,Uthalsar,Mock Drill,2020-06-26,127,Successful
fb961069-f0a1-47ef-b508-c5709ab74ded,Diva,School Safety,2018-12-08,411,Successful
325c47fa-c0ec-4ca9-a433-a687940420c5,Mumbra,School Safety,2022-03-16,343,Successful
f64165c7-8e3a-4d38-a2da-f5dd3694cf6e,Lokmanya-Savarkar Nagar,Mock Drill,2018-04-04,761,Excellent
0ed1b99a-75d6-4261-be5a-7ee17159e5e3,Mumbra,School Safety,2019-02-04,545,Successful
674a6a67-1420-4bdd-812d-31aea9760c49,Mumbra,Citizen Awareness,2018-04-02,299,Successful
e35e1462-c0cb-44e0-9a81-943bdefc752f,Lokmanya-Savarkar Nagar,Citizen Awareness,2022-02-24,961,Successful
edd556c9-838d-4e6c-9c12-e410db9ef710,Wagle Estate,Citizen Awareness,2022-06-13,75,Excellent
f5fe503f-e82c-4f72-b05b-48897bf2ce8f,Mumbra,Hospital Preparedness,2026-07-09,204,Needs Improvement
3475180d-6078-4581-8fc9-261cc8711632,Naupada-Kopri,Hospital Preparedness,2026-12-11,220,Successful
5ed02ac1-a60d-487d-81cc-1747da99815a,Lokmanya-Savarkar Nagar,Mock Drill,2022-07-23,951,Successful
a7118768-e394-4e98-a0d1-5bb95a31b6a3,Diva,School Safety,2022-02-06,227,Needs Improvement
6cfead08-76ef-458a-8bf3-91d2898cb6d7,Uthalsar,Hospital Preparedness,2025-04-19,195,Successful
3bfc08e3-0023-4568-a579-1dcd7e9715b2,Majiwada-Manpada,Hospital Preparedness,2024-09-29,268,Successful
db3ec0ef-2c06-4f22-8ee9-b5992ec70fc0,Diva,Hospital Preparedness,2025-08-15,338,Successful
faba78ac-53fb-4a82-98d6-0ede71391aa6,Lokmanya-Savarkar Nagar,School Safety,2020-11-07,649,Successful
9056ebbf-b75f-4a02-bbd9-d204c49843b3,Vartak Nagar,Citizen Awareness,2020-04-02,445,Excellent
0b0aa703-fc0b-48de-875d-52fa0d9b28da,Wagle Estate,Hospital Preparedness,2024-07-23,276,Excellent
bd5fb7cb-b6e8-4ae2-ac41-5d074d7da8f9,Vartak Nagar,School Safety,2021-06-11,624,Successful
b8c640ca-714f-4c7b-a823-3da69bfd8fbe,Uthalsar,Mock Drill,2020-10-25,917,Successful
d275e617-d722-4efe-8109-9b164254d11e,Majiwada-Manpada,Hospital Preparedness,2021-06-16,61,Successful
8678829d-ce11-469b-a66a-40c1fee5eec5,Mumbra,Hospital Preparedness,2020-07-12,853,Excellent
e5a640a2-f3bb-4139-a349-1d022817129c,Kalwa,Hospital Preparedness,2024-03-07,374,Excellent
c836ed2d-9d83-4535-8686-93d169b92b1a,Kalwa,Mock Drill,2022-11-13,858,Successful
b179d4d9-12cb-4923-836e-af6c9a26f196,Majiwada-Manpada,Hospital Preparedness,2021-06-22,901,Successful
e7291313-f46e-4ac6-8441-8d0b31c60e51,Uthalsar,Hospital Preparedness,2023-03-17,575,Successful
00a52846-0ad7-4b23-b9f4-cbf939d9735d,Majiwada-Manpada,Mock Drill,2021-12-11,226,Successful
97675ff2-8148-4787-9463-34dbf7200b3f,Wagle Estate,Citizen Awareness,2023-05-06,256,Successful
dbc3a9a0-6c4b-4a8f-ada1-b6a99d7f3997,Vartak Nagar,Citizen Awareness,2022-08-16,97,Successful
865f284e-f398-4f65-90f5-75d4f3ded6dd,Kalwa,School Safety,2023-01-01,549,Successful
d79299c3-1c03-4b53-a0a1-012848ee8a77,Mumbra,School Safety,2022-06-05,584,Successful
4fd45ccb-0e6d-4ef9-90c5-64cbd769418e,Vartak Nagar,Citizen Awareness,2020-04-26,834,Successful
b35be473-e200-46e1-be16-40d74133946e,Mumbra,Hospital Preparedness,2021-01-15,904,Excellent
4afed31f-ef13-45f3-995d-e13453456cca,Wagle Estate,Citizen Awareness,2026-05-17,456,Excellent
a092f8ac-52b2-4479-b45b-2cdee7f843b8,Kalwa,Hospital Preparedness,2024-05-19,739,Successful
ce868f5b-6f54-4d9e-8122-261dd058e6e5,Kalwa,Mock Drill,2024-03-01,236,Needs Improvement
26b32e1f-2a18-43fe-a723-e7df9f3d477e,Vartak Nagar,School Safety,2018-01-22,687,Successful
d074ab17-1d70-44e8-b34e-3e98f35d5109,Kalwa,Hospital Preparedness,2026-09-05,918,Excellent
998ecad9-5deb-4504-a2f7-de1bf2e8c27c,Vartak Nagar,Mock Drill,2026-10-24,308,Excellent
41b303d6-c33c-476e-bae0-90b977735779,Kalwa,Citizen Awareness,2018-05-05,407,Excellent
6c4fac86-4791-4b7f-918c-e15419e2b1a2,Uthalsar,Mock Drill,2026-05-28,405,Excellent
11bc429b-21e0-485c-931a-d0fb209fc2c2,Majiwada-Manpada,Citizen Awareness,2022-10-23,681,Excellent
059067e9-bca5-4362-84a0-f7ccc02eb26e,Diva,Mock Drill,2023-02-08,695,Successful
d1d22245-21ea-4f2f-bc1c-09c392688af3,Vartak Nagar,Mock Drill,2019-08-12,840,Excellent
ea3ad6de-822a-41a8-b0a6-c11ebe6fb2f0,Mumbra,Hospital Preparedness,2022-11-11,991,Excellent
cd106d0e-d581-4704-b40e-eb37bd0619e4,Diva,Citizen Awareness,2020-03-26,647,Successful
1c1b8af2-237e-4c5d-b307-04f118a06dc6,Naupada-Kopri,Citizen Awareness,2026-03-10,690,Needs Improvement
5ea0be5d-e436-4528-8b55-45f63e256689,Kalwa,Citizen Awareness,2024-04-14,741,Needs Improvement
96b277a1-4b37-4a73-a14e-0b367fae85c0,Uthalsar,School Safety,2020-04-06,985,Successful
02d3d53b-7e0c-4e49-9405-6bd40a195696,Naupada-Kopri,Citizen Awareness,2021-07-22,755,Excellent
700ddd80-c183-48ba-a729-88d8f26fa211,Diva,School Safety,2023-01-21,133,Successful
ad88b9a9-17f2-4e13-94a8-34295310973a,Wagle Estate,Mock Drill,2018-10-18,912,Needs Improvement
7a9cf185-1b9b-4ca0-9e2c-6ee8bd945c8b,Naupada-Kopri,Hospital Preparedness,2018-10-31,555,Needs Improvement
f51d7f88-8490-433f-aa78-d0c1fc86a1a0,Kalwa,School Safety,2020-07-31,229,Excellent
3b5fc79c-ff49-4425-a585-88412535cc45,Vartak Nagar,Hospital Preparedness,2023-02-06,475,Successful
79853061-40d8-4abd-ad5d-05968c3bcd3b,Majiwada-Manpada,School Safety,2021-10-01,648,Needs Improvement
34cb3d68-2573-49b3-8aba-02735b4ddebd,Mumbra,Citizen Awareness,2026-07-15,569,Excellent
9c85864f-5550-484f-b3d4-49819f7ce5f1,Naupada-Kopri,Mock Drill,2018-02-09,126,Excellent
1287446a-5121-4d50-ba20-da48c06edf30,Wagle Estate,Mock Drill,2021-12-31,221,Successful
22677276-0e91-4cde-8398-f55fc64322c0,Mumbra,Hospital Preparedness,2025-06-24,790,Successful
9e1efe27-955c-40a1-b88c-27d0d37a05f5,Kalwa,Mock Drill,2023-11-12,678,Successful
2e0527df-da52-4bee-b0e8-09fae24b8cd7,Kalwa,School Safety,2026-07-12,411,Successful
a2004d9b-0c13-46e9-bab0-ce7b65a34626,Lokmanya-Savarkar Nagar,Hospital Preparedness,2023-10-19,282,Successful
c397f29a-4e3d-4a73-bf3a-fd72d4fa713b,Mumbra,School Safety,2018-07-07,498,Successful
086b7fa2-1c69-4f84-a58c-72f74dab7694,Uthalsar,Mock Drill,2020-03-01,530,Successful
82edc33b-1e8c-416f-84d7-28b7b42e1aaf,Majiwada-Manpada,Citizen Awareness,2020-02-20,291,Successful
ede682e0-7001-449f-b117-21000c63eb36,Uthalsar,School Safety,2020-12-16,975,Successful
f8db5bf5-c58b-4bd0-921e-51258f7c600c,Mumbra,School Safety,2019-11-06,541,Excellent
218bd5f3-a6c2-462e-b8e9-b28cec507b12,Diva,Mock Drill,2024-05-18,229,Successful
8a1b21a4-5f2e-40d6-9183-4d12342c724d,Naupada-Kopri,Citizen Awareness,2019-07-27,389,Successful
dd6b4513-f9db-468e-b349-88ec5257afb0,Uthalsar,Citizen Awareness,2022-02-01,50,Needs Improvement
882a2524-39fa-4a43-af5c-f4fa95d8c47f,Mumbra,School Safety,2023-12-13,398,Successful
5a9a137a-96e4-41b4-bc9e-3a7754d9b090,Kalwa,Hospital Preparedness,2026-05-18,941,Excellent
3024b7fe-b51b-48d8-8073-f9195d66a77f,Vartak Nagar,Hospital Preparedness,2018-02-12,412,Excellent
aa70cd10-522e-4d8f-beb7-9a5b10158fdf,Naupada-Kopri,Mock Drill,2023-02-26,185,Excellent
2ca16675-59e9-4723-b78e-c8f96e6fbaf7,Naupada-Kopri,Hospital Preparedness,2023-10-27,83,Successful
e418880d-4663-459a-a707-72ece776a202,Uthalsar,Hospital Preparedness,2019-02-13,250,Successful
06469fd8-e158-4d2b-b073-f118b33206f6,Naupada-Kopri,Mock Drill,2018-10-30,59,Successful
0b1e7c22-dc81-4aae-8f87-46f9bf060503,Uthalsar,School Safety,2018-08-08,248,Successful
31f9b7fa-d178-4f0c-a737-a7ae98b6b9a8,Wagle Estate,Hospital Preparedness,2025-07-25,619,Successful
945336a2-07c9-4876-8c3f-dd967ba2dfc8,Majiwada-Manpada,Hospital Preparedness,2026-02-25,964,Successful
034ae731-d1c2-48ee-b2d5-eb0d54d6a026,Kalwa,Citizen Awareness,2023-12-23,855,Successful
c1bee679-d6a9-417f-9947-ee410f7f158b,Vartak Nagar,Mock Drill,2025-05-27,665,Needs Improvement
8e8938f5-c311-44fb-9528-192a79beb588,Diva,School Safety,2019-07-29,880,Successful
aee64358-8c8b-4a5f-8611-d920647dee10,Vartak Nagar,School Safety,2024-09-18,499,Successful
fbeab688-0794-4c33-a612-104f5c078e2c,Naupada-Kopri,School Safety,2024-12-16,557,Successful
c258e660-d15b-4310-901a-805443c049de,Wagle Estate,Mock Drill,2020-10-15,839,Successful
33d82473-abe7-4bfc-a40e-2dab81c23ee9,Majiwada-Manpada,Hospital Preparedness,2024-05-29,475,Excellent
034d46ab-e01e-4300-acb7-1a0808b3058e,Lokmanya-Savarkar Nagar,Citizen Awareness,2021-11-11,244,Successful
07097762-da44-44c4-8fa9-c6f6eb5819b3,Vartak Nagar,Mock Drill,2019-06-01,672,Successful
60ac215b-0878-420e-a3d7-81539c829440,Diva,Hospital Preparedness,2023-03-24,290,Successful
8f21a54a-4455-45ff-ad6a-ec13cc7dd9ce,Wagle Estate,Hospital Preparedness,2025-04-17,580,Successful
f150ea34-0dd6-40ee-a768-9cebd4004d72,Diva,School Safety,2026-08-10,472,Successful
a05fd511-eb0f-460f-945c-dc2218243227,Kalwa,Hospital Preparedness,2026-02-07,768,Successful
34d38755-7628-4423-8b45-6f6f691445ed,Majiwada-Manpada,Hospital Preparedness,2025-09-19,597,Successful
5df8c5c0-95a9-4153-8089-d0eaffd68f51,Diva,School Safety,2018-05-14,806,Excellent
6ca43feb-b7cb-47a9-a122-c33a04e72902,Kalwa,Hospital Preparedness,2025-05-21,407,Successful
0d00158f-93a4-4026-b8d3-87c7af4c12a8,Lokmanya-Savarkar Nagar,School Safety,2022-04-10,588,Successful
63a057c3-7dc7-4cf4-9c92-58cc242a16b5,Vartak Nagar,Mock Drill,2022-03-31,177,Successful
17a19963-353b-43b2-9e53-967912d8626b,Uthalsar,School Safety,2019-04-22,869,Needs Improvement
a586bf74-f70f-4444-8938-cae44837d6c1,Kalwa,School Safety,2025-06-02,176,Excellent
51d01f96-7aa4-4284-9225-67f81b3a945f,Wagle Estate,Mock Drill,2019-10-05,424,Successful
ba19627a-500a-4d6f-a9f7-0dc9f85ca295,Majiwada-Manpada,Hospital Preparedness,2021-08-12,840,Successful
0f4e48d3-693c-425d-8a57-52602bab5188,Diva,Citizen Awareness,2018-03-29,404,Successful
3ff7ea40-5e37-427a-a92d-ea20fd1475d1,Mumbra,Citizen Awareness,2019-12-10,992,Excellent
c99501d5-17aa-4379-8c36-639e42c331f0,Wagle Estate,Hospital Preparedness,2024-01-17,455,Needs Improvement
c643dcc9-f4e9-4b65-b11c-c922484d3737,Kalwa,Hospital Preparedness,2018-03-08,86,Successful
17e33c79-5c07-4ac2-83ba-fa07651d6d3f,Naupada-Kopri,Mock Drill,2022-02-08,945,Excellent
fd44ac54-1e17-4840-b7cd-3f66f0b32149,Wagle Estate,Hospital Preparedness,2026-03-08,150,Successful
44e0417f-9955-431d-afe6-c19d7317b796,Diva,Mock Drill,2025-12-06,673,Excellent
354e4c97-483d-4d69-bc7a-779c54857688,Naupada-Kopri,Hospital Preparedness,2022-11-26,713,Successful
630959ff-ba9c-4c4a-8eba-f327dfc76a7d,Wagle Estate,Citizen Awareness,2020-08-30,191,Excellent
26886c32-3785-4a16-9e61-f7c4741623b7,Mumbra,Citizen Awareness,2022-11-02,459,Excellent
0d13fb22-5c9e-4232-898a-c1881e3978a9,Vartak Nagar,Mock Drill,2025-09-13,133,Excellent
474410bc-16a2-43a4-950c-983730f61a04,Mumbra,Citizen Awareness,2026-03-19,172,Successful
54b43d44-ef7a-4987-afe9-b607b1238a45,Wagle Estate,Mock Drill,2026-08-20,914,Excellent
c336881c-698b-46fe-969f-eba89fe7ab7f,Wagle Estate,Citizen Awareness,2023-03-17,166,Successful
2334aa83-0c16-4375-9f5c-915f551ecc19,Mumbra,School Safety,2018-10-03,734,Excellent
6daeed04-68ee-40b3-9101-240b763b62b2,Lokmanya-Savarkar Nagar,Citizen Awareness,2019-01-27,726,Successful
ad207bc4-8f04-4c24-afaa-43e00fde9bd4,Vartak Nagar,Mock Drill,2020-07-06,670,Excellent
451371c2-6b64-4d6e-9b17-fc8380348809,Kalwa,Citizen Awareness,2024-01-17,377,Successful
542d32e7-3487-4f81-9c6c-b54b03b87124,Wagle Estate,Citizen Awareness,2024-07-26,850,Successful
f7f822a9-415a-48c1-bb01-ae7e3aa6a770,Kalwa,Citizen Awareness,2026-10-04,313,Successful
88daf3b2-a850-4b09-9ace-50db5c5e725a,Kalwa,Hospital Preparedness,2026-02-27,889,Successful
508bf1ae-deff-4c68-9c23-4fd85a05024e,Mumbra,School Safety,2018-03-12,184,Excellent
e5164c1b-f53a-45b9-a9df-39239726e33a,Lokmanya-Savarkar Nagar,Citizen Awareness,2022-09-30,563,Needs Improvement
0f76854f-9268-4088-b8c8-c823208feab7,Uthalsar,Citizen Awareness,2024-12-31,201,Successful
aa1d9a38-4800-4c35-8ef1-54db8dcf41d6,Naupada-Kopri,Citizen Awareness,2018-04-21,893,Successful
c616dff4-0b2a-4bf3-9b33-65ea2203162e,Naupada-Kopri,Hospital Preparedness,2023-04-20,71,Excellent
b7f3234f-d9f7-4de0-9c4a-6d33dabbe5cc,Lokmanya-Savarkar Nagar,Mock Drill,2026-09-30,342,Successful
ac7918e6-cd14-4adc-8fa6-67d67b132d7b,Lokmanya-Savarkar Nagar,Citizen Awareness,2025-07-04,448,Successful
6d48a8c4-edda-4569-96d5-3286113eb3ad,Lokmanya-Savarkar Nagar,Citizen Awareness,2020-08-17,610,Successful
caf46904-bfdf-476f-b655-0d865eb7cacc,Vartak Nagar,School Safety,2024-08-17,696,Successful
59cbd661-116f-464f-b93a-2130d8bac2e8,Mumbra,School Safety,2025-05-01,889,Successful
8db7e3ab-478d-4eb8-af24-21b29fbca72b,Majiwada-Manpada,Citizen Awareness,2026-10-10,296,Excellent
c763beec-1212-428a-8969-eef4de30caae,Majiwada-Manpada,Hospital Preparedness,2025-08-22,204,Successful
4f5f7f90-b73a-4fab-8090-d274df0c632b,Kalwa,Hospital Preparedness,2026-11-16,778,Successful
a012ba5b-9233-482d-b0c2-a96ed48ab772,Wagle Estate,Citizen Awareness,2019-08-04,511,Excellent
ee719db7-a8b8-4720-b620-062778a794ea,Naupada-Kopri,Mock Drill,2025-11-23,955,Successful
7f25a2db-b615-4010-b9c1-eb9e05830c7a,Vartak Nagar,Hospital Preparedness,2020-09-09,369,Successful
e4024fcc-e763-412f-8545-201724f4d2d5,Naupada-Kopri,Mock Drill,2020-07-20,386,Excellent
62a7b5df-d15f-4470-93c8-4863153a5944,Lokmanya-Savarkar Nagar,School Safety,2020-07-18,623,Successful
5d01809a-6457-4521-8dc9-f6d3a3c49012,Wagle Estate,Hospital Preparedness,2020-02-14,419,Successful
c7dee7da-0880-46ef-a3d8-4c7dfe383964,Naupada-Kopri,Mock Drill,2024-11-17,228,Needs Improvement
410d1fa0-c9d0-4f39-bd35-dc5c1a4d2dbe,Diva,School Safety,2018-10-17,717,Excellent
dfcf6500-5845-40c0-a66f-8c121c47b333,Lokmanya-Savarkar Nagar,Hospital Preparedness,2024-11-13,356,Successful
63f367d9-e246-4987-94fb-651bed0bae54,Lokmanya-Savarkar Nagar,Mock Drill,2018-09-13,833,Successful
522a3516-a53d-4b53-ae10-ffcd0b9b9b10,Uthalsar,Citizen Awareness,2023-03-23,340,Successful
cd2cbdda-4877-4e71-a1be-1ab61de8d47a,Naupada-Kopri,Hospital Preparedness,2026-04-09,692,Excellent
b8d521d8-8d2d-4b2c-9838-184803621b0d,Majiwada-Manpada,Hospital Preparedness,2022-04-22,116,Successful
c269d450-495f-4df2-9224-678303e16dc4,Mumbra,School Safety,2025-07-18,533,Successful
5b29f50d-d4c8-461a-9e33-01ff7c5bf750,Mumbra,Citizen Awareness,2022-08-18,266,Successful
